{"stats":{"minecraft:crafted":{"minecraft:stone_sword":1,"minecraft:stone_axe":1,"minecraft:crafting_table":1,"minecraft:spruce_planks":20,"minecraft:stick":8,"minecraft:stone_pickaxe":1,"minecraft:wooden_pickaxe":1},"minecraft:used":{"minecraft:stone_axe":1,"minecraft:dirt":6,"minecraft:cobblestone":1,"minecraft:crafting_table":1,"minecraft:wooden_pickaxe":9,"minecraft:spruce_sapling":4},"minecraft:custom":{"minecraft:time_since_rest":6312,"minecraft:crouch_one_cm":1158,"minecraft:play_time":6312,"minecraft:sprint_one_cm":15330,"minecraft:walk_one_cm":5553,"minecraft:sneak_time":491,"minecraft:mob_kills":1,"minecraft:jump":111,"minecraft:leave_game":1,"minecraft:damage_dealt":80,"minecraft:time_since_death":6312,"minecraft:walk_on_water_one_cm":640,"minecraft:total_world_time":6312,"minecraft:interact_with_crafting_table":3,"minecraft:fall_one_cm":2299,"minecraft:fly_one_cm":27068},"minecraft:killed":{"minecraft:sheep":1},"minecraft:picked_up":{"minecraft:crafting_table":1,"minecraft:sweet_berries":36,"minecraft:spruce_sapling":4,"minecraft:spruce_log":5,"minecraft:mutton":1,"minecraft:white_wool":1,"minecraft:dirt":6,"minecraft:cobblestone":9},"minecraft:mined":{"minecraft:grass_block":1,"minecraft:dirt":5,"minecraft:sweet_berry_bush":14,"minecraft:stone":9,"minecraft:spruce_leaves":17,"minecraft:spruce_log":5,"minecraft:crafting_table":1}},"DataVersion":3953}